{
  "Games Played": {
    "MSE": 16.943732843961925,
    "RMSE": 4.116276575251222,
    "MAE": 3.6407683099952823,
    "R2": 0.11908510622082236
  },
  "Games Started": {
    "MSE": 12.78906541740634,
    "RMSE": 3.576180283124208,
    "MAE": 2.8769797953959237,
    "R2": 0.012001008975658922
  },
  "Rush Attempts": {
    "MSE": 1356.6628941825068,
    "RMSE": 36.83290504674464,
    "MAE": 12.580118372774795,
    "R2": -0.017191544491340638
  },
  "Rush Yards": {
    "MSE": 21074.07366595996,
    "RMSE": 145.16912091061226,
    "MAE": 54.61332211180807,
    "R2": -0.006514032840234885
  },
  "Rush Touchdowns": {
    "MSE": 9.036099966143263,
    "RMSE": 3.0060106397255586,
    "MAE": 0.6527491110325745,
    "R2": -0.007739036139303268
  },
  "Rush Longest": {
    "MSE": 108.74721477226927,
    "RMSE": 10.428193265003737,
    "MAE": 6.333966659571921,
    "R2": -0.055152609989829626
  },
  "Receiving Recep": {
    "MSE": 6.330805818082371,
    "RMSE": 2.5161092619523444,
    "MAE": 1.426887920782799,
    "R2": -0.02094107248461663
  },
  "Receiving Yards": {
    "MSE": 1432.0708347551133,
    "RMSE": 37.842711778559334,
    "MAE": 22.72036335872483,
    "R2": -0.03676859735003979
  },
  "Receiving Touchdowns": {
    "MSE": 0.05663260945056591,
    "RMSE": 0.23797606907116925,
    "MAE": 0.16672850221924698,
    "R2": -0.15461877691941672
  },
  "Receiving Longest": {
    "MSE": 150.80020189723783,
    "RMSE": 12.280073366932212,
    "MAE": 7.412219225909972,
    "R2": -0.015786449520849066
  },
  "Defense Solo": {
    "MSE": 58.96884061277211,
    "RMSE": 7.679117176653324,
    "MAE": 5.174882008002156,
    "R2": -0.009234924506834608
  },
  "Defense Assist": {
    "MSE": 37.0091222251092,
    "RMSE": 6.083512326371108,
    "MAE": 4.1895409393666405,
    "R2": -0.011986987622475187
  },
  "Defense Total": {
    "MSE": 182.79488572748153,
    "RMSE": 13.52016589127077,
    "MAE": 9.197072509670761,
    "R2": -0.010832893201817129
  },
  "Defense Interceptions": {
    "MSE": 0.11498133898982997,
    "RMSE": 0.33908898388156167,
    "MAE": 0.1877005180517503,
    "R2": -0.015215811973197102
  },
  "Defense Pass defl": {
    "MSE": 1.0173354800630707,
    "RMSE": 1.0086304972898008,
    "MAE": 0.6286537488942794,
    "R2": 0.00658445430125687
  },
  "Defense Forced fumble": {
    "MSE": 0.2993281692340845,
    "RMSE": 0.5471089189860503,
    "MAE": 0.1786126445243308,
    "R2": -0.027489756432102164
  },
  "Defense Fumb rec": {
    "MSE": 0.1301123835293719,
    "RMSE": 0.3607109417932479,
    "MAE": 0.14164312033915002,
    "R2": -0.022659014469175398
  }
}