name,season,games_played,games_started,total_touchdowns,Weighted Ensemble_predictions,Linear Regression_predictions,Ridge Regression_predictions,Lasso Regression_predictions,Random Forest_predictions,Gradient Boosting_predictions,Neural Network_predictions
"bryson, davis",2023,3.0,0.0,2.0,0.6617667930330815,-0.773528118765002,1.323162896080614,-0.6148053242415532,3.09,0.00042498238220139935,1.3190785313138758
"murphy, jonathan",2023,8.0,8.0,15.0,14.865248791884673,15.043995806702513,15.163496330864698,15.053042183592451,14.3,16.000023418559167,13.625069758768294
