name,season,games_played,games_started,total_touchdowns,Weighted Ensemble_predictions,Weighted Ensemble_accuracy,Linear Regression_predictions,Linear Regression_accuracy,Ridge Regression_predictions,Ridge Regression_accuracy,Lasso Regression_predictions,Lasso Regression_accuracy,Random Forest_predictions,Random Forest_accuracy,Gradient Boosting_predictions,Gradient Boosting_accuracy,SVR_predictions,SVR_accuracy,Neural Network_predictions,Neural Network_accuracy
"benefield, michael",2023,8,5,4.0,2.193638650002632,100.0,3.7719924196078294,100.0,3.729362139128742,100.0,3.6157379513642365,100.0,3.41,100.0,6.735211860781106e-05,100.0,2.9839671336394598,100.0,-2.5387613379404357,100.0
"benyard, gabriel",2023,4,4,5.0,2.126667347659784,100.0,2.6241244465147258,100.0,2.621075820280228,100.0,2.612950195118969,100.0,1.66,100.0,2.0000142293208327,100.0,1.4750132412087191,100.0,1.8601003477625997,100.0
"bohannon, blake",2023,8,8,1.0,5.301860117286093,100.0,4.27433633172257,100.0,4.214383847377457,100.0,4.05459009838912,100.0,6.83,100.0,8.99982829952862,100.0,4.607983359118187,100.0,4.5659243167212225,100.0
"clemons, yesiah",2023,8,0,0.0,2.1531403709325234,100.0,2.5270531591495584,100.0,2.5273518186862733,100.0,2.5281478478677837,100.0,1.8595652173913044,100.0,2.0000142293208327,100.0,1.6033016872260608,100.0,1.9916839729910671,100.0
"daniels, preston",2023,8,4,1.0,3.330668566678236,100.0,4.225800688039987,100.0,4.16752184658048,100.0,4.012188924763528,100.0,3.41,100.0,6.735211860781106e-05,100.0,4.4961721865503295,100.0,2.5751517143662483,100.0
"darnell, rowan",2023,8,0,1.0,2.2302182642941406,100.0,2.090232366006305,100.0,2.105593811513477,100.0,2.1465372852374496,100.0,2.329520765647583,100.0,2.4444468686991048,100.0,2.088558170913273,100.0,2.433401598802749,100.0
"foster, isaac",2023,8,7,1.0,2.6560876684837416,100.0,4.055925935150944,100.0,4.00350484379106,100.0,3.8637848170739533,100.0,3.41,100.0,6.735211860781106e-05,100.0,4.001686493360831,100.0,-1.1449834527618417,100.0
"kent, carson",2023,8,5,0.0,2.2302182642941406,100.0,2.090232366006305,100.0,2.105593811513477,100.0,2.1465372852374496,100.0,2.329520765647583,100.0,2.4444468686991048,100.0,2.088558170913273,100.0,2.433401598802749,100.0
"wallace, tykeem",2023,8,0,1.0,2.230218264294141,100.0,2.090232366006305,100.0,2.105593811513477,100.0,2.1465372852374496,100.0,2.329520765647583,100.0,2.4444468686991048,100.0,2.088558170913273,100.0,2.4334015988027495,100.0
