{
    "Average Games Played": 7.555555555555555,
    "Correlation between Games Played and Prediction Error": 0.6879498724023395,
    "Model Performance (Mean Squared Error)": {
        "Weighted Ensemble": 5.648487286534198,
        "Linear Regression": 5.477200683614954,
        "Ridge Regression": 5.376081387192099,
        "Lasso Regression": 5.119886634402769,
        "Random Forest": 7.725411191987906,
        "Gradient Boosting": 11.682732239863336,
        "SVR": 6.334589937084446,
        "Neural Network": 9.601085722818636
    }
}